00059962;;;
00066352;pas de reatriate prévue;;
00067524;;la retraite jamais !;
00069363;;;
00069388;butée;;
00069884;"comme l'an dernier ; problème des passages en retraite";aucun regret;
00081911;butée retraite 2023, jeté du DMN;;butée
00082674;retraite;;retraite progressive, départ en 2020
00085065;;;
00086689;;;
00086892;;;
00087239;;;
00088013;"on ne la voit pas; retraite ?";;"déjà 3 ans ; 68 ans… déjà raillé des cadres à l'educ nat. Pas de travail colletcif; pas productif"
00088052;;;
00088440;fin de ligne;gestion;
00088587;butée;butée;
00090332;;;
00090423;arrêt maladie;;
00090426;;;
00090442;;;butée
00090489;butée;fini des choses, pas de retraite prévue;
00090527;pas de date;;
00090539;;;
00090855;retraite;;
00091565;;;"deux fois 4 ans; est très ralenti ; ne fait rien"
00091812;;;
00091947;;;
00091992;butée;;
00092111;;;
00092481;retraite;;
00094271;;basse en 2018 retraite fin 2020;
00094322;;;
00094454;;;
00094471;;;
00094488;;;PRODUCTION INFERIEURE MOYENNE
00094493;retraite;;
00094528;;;
00094658;;;
00094740;;"un peu moins efficace que les autres ; moins investi ; moins bien formé ";
00094866;"butée; décembre fin 2022";;
00095247;retraite;;
00095274;;;
00095410;;retraite progressive;
00096165;;;
00096289;très absent difficulté psychologique;;
00096397;butée;;
00096411;butée;;
00096490;;trtraite;
00096502;;;
00096573;retraite;bout de ligne;
00096612;retraite;;
00097021;;;
00097474;;butée;
00097617;;;
00097821;;;
00097834;retraite Prime exceptionelle;;
00097836;;;
00098561;bruit de fond des rayons cosmique dans le nouveau batiment;;
00098717;butée;;
00098775;;;
00098824;;;
00098885;;;
00099019;;;
00099046;butée;;
00099186;;;
00099235;dernier avancement 2022;;
00099254;;;
00099375;pas E7, traitée comme les autres, dossier pas suffisant , catégorie;;
00099378;;;
00099450;;;
00099491;équipe info;retraite dans 3 ans;
00099965;;;
00100448;;;production très inférieure à la moyenne  
00100865;;;
00100892;;;
00101076;;;
00101149;;;
00101166;CAA;;"un peu de regret travaille bien contribue ; deux départs et reprend les activités ; "
00101175;;;
00101216;ne souhaite pas E5;;
00101460;;;
00101591;;E 7 ? Faut voir. ;
00101593;;;
00101619;retraite;;
00101628;;;
00101692;;contrainte cat;
00101719;;;
00101751;;;
00101774;retraite;retraite progressive a bien realié;a publié en 2018, problème de comportement, perte de confiance, pb de reporting, compliqué avec sa hiérarchie 
00101777;;;
00101878;;;"syndic : temps syndical important mais travaille bien (EA) on demande MED ; DIR : travaille bien mais on ne peut pas lui confier les portes feuilles stratégiques; choix de la hiérarchie, revoyure?"
00101982;;;
00102215;;3 ans;
00102757;longue maladie;;
00103012;;;
00103175;;;
00103191;très peu de travail;très compliqué, conflit;engagement contrasté, comportement discutable avec ses collègues, conflictuel
00103225;;;
00103230;retraite;;"4 ans ? Arrêt maladie depuis 2003; absence non controlée; départ bientôt"
00103239;;;
00103287;butée;;
00103391;butée;;
00103519;;;
00103571;;;
00103583;;;
00103592;butée retraite pas clair;;ne vient jamais 
00103594;butée;;
00103608;;;
00103645;;;
00103659;retraite 2022;;
00103766;retraite;retraite 2021;
00103876;;;
00103895;;;
00104446;;;
00104658;;;
00105540;;;
00105755;;;
00105758;;;
00105897;retraite;;
00105988;;;
00107036;;;
00107038;;;
00107057;retraite;;
00107059;;;
00107065;;;
00107068;;;mission proposée dans la sécrité (son domaine)et refusée 
00107125;;;
00107145;;;
00107173;dernier avancement;;
00107238;;;
00107241;;;
00107285;retraite;;
00107310;retraite;retraite janvier;
00107389;;;
00107408;;;
00107561;;;
00107609;;;
00107670;;arbitrage VM;
00107740;;;
00107746;depart 2022;;
00107896;;;
00107897;;;
00107904;butée;;
00107929;;;
00107958;;;
00107969;;;
00108132;;;
00108212;;;
00108463;;;
00108947;;;
00109608;;;
00109617;;;
00109671;manque d'implication ;;
00109846;butée;;
00109892;;;
00110541;E5;;
00110549;;;
00110550;retraite;;
00110552;;;
00110555;;;
00110565;butée;;
00110670;;;
00110702;part 1er octobre;;V1 l'année prochaine sans doute
00110707;;;
00110778;pas E7 fin de ligne;;
00110979;retraite;;
00111195;;;revision possible l'an prochain, pas un regret
00111220;;;
00111236;;;
00111241;parti en CAA;;"difficultés avec li son travail se reportte; absences non suivies et répétées; reçu; entretien"
00111246;;presque trop impliqué;gars incoyable le succes de lsce lui doit beaucoup
00111259;;;
00111349;;;
00111405;;plafond;
00111426;;;
00111454;;;
00111456;;;
00111873;;;
00112524;;;
00112569;butée;;
00112583;;;
00112597;;;regret 
00112634;;;
00112640;;;
00112704;;;
00112738;;;
00112742;;;
00112755;;;
00112793;;;
00112796;;;
00112809;;;
00112878;;;
00113133;;;
00113185;;;
00113258;;;
00113578;min en 2022;;
00113621;;;
00113636;;;
00113673;;;
00113706;;;
00113748;;;
00113813;;;
00113850;;;
00113854;;;
00113894;;;
00113909;retraite;;
00113915;;;
00113928;;;
00113947;;;
00113956;;;
00113958;;;
00113968;peu de responsabilité;;
00113976;;;
00114009;;;
00114020;;;
00114044;;;
00114074;;;
00114120;;;
00114129;"à 2 ans ; DIR : manque d'initiative pas de positions claires en temps que chef de projet. Desforges : pipeau";;
00114135;;production scientifique pas au niveau ;
00114141;retraite octobre 2022;regret ;pas E7
00114167;butée;;
00114171;;déménagement difficile pour son équipe;
00114224;;;
00114282;retraite 2024;CAA;
00114289;retraite 2fin 2022;;
00114327;;;
00114335;;va recevoir du soutien;
00114342;;;
00114351;;;
00114354;;;
00114449;;;"passera pas E5 ; si possible paaage en m"
00114461;;"Pas pris le virage de l'encadrement, n'évolue plus; retraite 2022";
00114499;;;
00114503;;;
00114623;;;
00114677;butée;;
00114688;plafond E6;;
00114698;;;
00114823;butée;;
00115026;;;
00115418;;;
00115434;;;
00115556;pas au niveau;;
00116459;catégorie uniquemtnt;;
00116511;;;
00116578;;;faible capacité d'imlications, multiples absences, 
00116584;;;
00116609;;;
00116615;;;
00116639;retraite;;
00116745;fin de ligne;;
00116831;;;
00116881;butée;;
00116903;;;
00116995;reste un avancement;ne démérite pas MAIS, pas trajectoire E7;
00117017;;;
00117024;;;
00117175;;;
00117203;;;
00117229;;;
00117320;;;
00117321;;;
00117341;;;
00117510;butée basse l'année prochaine;activité de fin de carrière, peu scientifique;
00117513;;;
00117665;;;
00117684;retraite en fin d'(année;;
00117687;;;
00117713;;;ralentit car investissement .. I pourrait en faie plus se met en retrait
00117716;;;
00117730;;;
00117760;;;
00117803;;;
00117897;;;
00117955;"CGC : travaille au DMN, produit ; reconnue par ses pairs ; DIR : ce qu'elle fait ne rencontre pas les priorités du service.Ou muetr.";;
00118045;;;
00118083;quitte le CEA;;
00118108;fin de ligne, retraite 01/2024 reste 1,5 av;;
00118166;;;
00118241;;;
00118329;;;
00118413;;butée;
00118437;;;
00118443;;;
00119518;;"vrai choix ; action n'avnce pas comme souhaité";
00119690;mediane l'année dernière;pas E5, min l'énnée dernière;"pas E5 ; fin de ligne ; pas très occupé ; ne fait pas ce qu'il devait faire pour les brevets ; occupé site internet école ; devrais chercher un poste ailleurs"
00120172;;;
00120233;;;
00120237;positionnement très amont très indépendant ne peut pas travailler en groupe;"; tout seul; isolé, dfait ce qu'il veut ; compliqué, difficile de travailler";
00120680;;;
00120756;;;
00120757;;;
00120762;;;
00120802;;;
00120807;CAA;;
00120817;;;
00120819;;;
00120866;;;
00120869;butée;;
00120873;;;
00120881;;;
00120887;;;
00120920;;;
00121127;ligne;;
00121199;pas d'HDR pas E7;;
00121204;;;
00121273;;;
00121349;;;
00121361;;;
00121417;;;
00121430;;;
00121470;;;
00121601;;;
00121613;;;
00121640;;;
00121734;;;E5 a enfin passé son HDR
00121736;;;
00121761;;;
00121829;catégorie, pas de problèem;;
00121867;;;
00121878;contrainte. Retraite en 2023;;regrret deux années de suite
00121899;;;
00122217;;;
00122505;;;
00122575;;;
00122845;butée;;
00123095;;;
00123309;butée;;
00123583;candidat E7 validée en 2020 passe en 2021;;
00123645;;;
00123921;;;
00124164;;;
00124177;idem difficulté N3, difficulté à rédiger article;"pas l'opportunité de le maintenir E5 ; presque au max; problème passage N3";"VB l'année dernière E5 compliqué reparti de rien passage N3 en préparation mais pas gangé  ; RV en 2020"
00124194;;;
00124250;;;regret effet de catégorie
00124559;;;
00124648;;;
00124814;;;
00125102;;;
00125241;;;
00125265;;;
00125286;;;
00125551;;;
00125609;gestion de fin de ligne mais s'il travaille bien;;
00125652;;;
00125724;;;
00125738;;"pas de VB repet ; on veut plus";
00125752;refus responsabilité gestion E4;refus responsabilité gestion E4;
00125767;E7 à construire;;
00125867;;;
00125931;;;pas assez impliqué, pas de projection E7, carrières à gérer
00125965;;;
00126008;pas E7 fin de ligne;;
00126011;;;
00126016;;;
00126033;;;
00126051;retraite;;
00126087;;;
00126141;;;
00126166;;;
00126231;contrainte après une basse;;"même pas un avancement à trois ans conscient que cest dur ; E7 pas envisageable ; serait en fait une sanction"
00126232;;;
00126260;;;
00126273;pas E7;;
00126331;;repet;
00126349;;;
00126375;;;
00126388;;;
00126390;;;
00126393;;;
00126405;;;
00126420;retraite dans 2-3 ans;;
00126437;;;
00126552;;;a déjà eu 3 ans
00126828;;;
00126970;;;
00127048;relation tendue, relations tendues, en arrêt maladiedepuis septembre 2019;;
00127653;;;
00128096;;;
00128202;;;
00128566;;;
00128661;;;
00128950;;;6 ans ? Poste sous dimensionné, fait métrologie depuis 3 ans , on a déjà tenter de le faire évoluer on a fait des propositions, a été reçu, pas d'évolution, il faut un changement de rythme, apect prise de resposabilités doit être fait par lui en 2019
00129348;;;"manque HDR pour E7; gestion fin de ligne"
00129709;;;
00129717;;;
00129781;;;
00129825;;;
00129952;;;
00130060;;;
00130067;;;
00130118;"ne suit pas ses dossiers, fait ce qu'il veut ; on dit completer son travail";passe pas E5. ca s'améliore pas trop;
00130160;pas E7;;
00130162;;;
00130180;gestion E6;;
00130194;;;
00130322;lent marche moins bien que les autres;;
00130351;;;
00130394;;;a été très abente
00130445;;;
00130491;catégorie pure;;
00130572;pas E7;;
00130588;;;2 fois 3 ans
00130591;;;"pas E7 ; trop pointu"
00130616;faux avancement en 2020 car à démissionner de l'educ Nat;;
00130659;;;
00130668;;;
00130741;vivier E7;;
00130952;;;
00131054;retraite ? Inconnue;"regret ; pas vivier E7";
00131186;;;
00131220;;;
00131270;;;"CGC: incompréhsenion l'année dernière (min au lieu de médian) que faie ette éne; E7 ? . DIR=problème de communication, VB par regret, on va peut être lui tailler un labo construction en cours ; médiane en 2020 vivier E7 *"
00131315;eligible E7;;
00131317;;;
00131343;;;
00131497;;;
00131504;;;
00131528;;;
00131556;;;expert N4 probable
00131590;;;
00131596;;;
00131598;;;
00131642;;;
00131688;;;
00131713;"fin E4 ; synd : attention jeune, démotivation";"2ème fois fin de ligne ; ";
00131747;;;
00131802;pas envisageable E5;pas envisageable E5;fin de ligne, le département ne l'a pas mis vivier E5, pas d'implication dans les projets, v1 tous les 3 ans
00131809;;E7 ?;pas deposte pour passage E7
00131849;;;
00132083;a été virée de la DAM, travaille pas;"vient de la DAM sur difficultés perso; mi temps thérapeutique, quand présente on ne peut pas la faire travailler.";
00132249;ingénieur, fin de lignepas évident de le faire venir au labo, rlentit lui-même ;pas cette année pas E5;
00132272;;;
00132319;;;
00132352;;;
00132459;;;
00132982;;;
00133130;;;
00133399;;;
00133768;;;
00133788;;;
00133832;;;
00133848;;;
00133895;;;
00133937;;;
00133943;retour du CNRS où direction institut astrophysique du CNRS;;
00133949;;idem ;"gestion fin de ligne E4 ; constant dans le positionnement pas envie de trop responsabilités ; pas de présentation ; ne publie pas ; choix"
00133980;;;"3 ans + deux fois faible ; fait bien ce qui l'intéresse ; a du mal abvec les objectifs du labo ;pas de plan d'action pour redresseer la barre"
00133981;;;
00134030;;;
00134034;gestion E6;;
00134098;;;
00134117;;;
00134145;;;
00134151;regret probable med;;
00134156;;pas saillant, dernier avancement 2017;
00134206;;;
00134222;;;
00134233;;;
00134293;butée;;
00134295;restera 2vb;;
00134338;;;
00134346;;;
00134349;;;
00134373;;;
00134381;;;
00134470;;;
00134471;;;
00134484;;;
00134512;;;
00134541;prop E5 ancien A2;;"passera E5 dans la deuxième vague; pas docteur encore"
00134619;;;
00134629;;;
00134647;;fin de ligne;un médian tous les 3 ans, non passage E5 lui a été dit
00134691;;;
00134820;;;
00134938;;;
00135089;;;
00135208;catégorie;;
00135268;;;
00135290;;;
00136046;;;
00136379;;;
00136871;;;
00136901;ingéniuer vers chercheur va passer l'HDR;ingénieur devenant chercheur;
00136931;;;
00136968;butée;;
00136991;butée;;
00136997;;;
00137000;;;"pb syndical grave (CGC) faute grave ùanagement; loi rebsame1 pas respectée; DIR la responsable a aménagé le poste, échange hiérarchie salariée pour aménagement, EA en decembre. Insatisfaction sur ce qui lui est demandé, l faut retravailler derrière"
00137121;doit se repositionner pas d'évolution, pas d'HDR;"projet hors stratégie, remobiliser sur institut ; HDR moins un problème pas E5";refuse HDR mais dossier limite pour HDR
00137179;;;
00137220;;;
00137228;butée à 57 and;;
00137236;E7 compliqué adjoint cdL;E7 pas exclu;
00137263;pas E5, pas d'adaptation aux demandes, lenteur;salarié plutôt technicien;
00137274;;;
00137278;retraite;retraite 2021;
00137279;;;
00137280;;;rend service tranquillement quand on arrive à le coincer
00137284;;;
00137294;;;
00137302;;proposé E7;
00137316;;;
00137320;;;
00137333;;;
00137337;;;
00137345;butée;;
00137348;pas sur une trajectoire E5, a son HDR;;
00137349;;;
00137355;;;
00137365;butée;;
00137366;E7 envisagé;;
00137371;;;
00137384;;;
00137419;;;
00137459;;;
00137462;;;
00137463;;;
00137471;;;
00137472;;;
00137474;;;
00137475;;;
00137493;butée;;
00137494;;"fin de ligne à gérer; mi-temps; remotivée car nouvellle mission";
00137496;;;
00137498;directeur CIMAP pas avançable à 2ans ;;
00137500;;;
00137523;;;
00137535;;;passera pas 7
00137559;;;
00137568;;;
00137585;;;
00137630;;;
00137631;;;
00137657;;de m à 0;
00137670;E5 compliqué;;
00137685;reste une VB seulement, ne veut pas monter le dossier E7;effet categorie;
00137689;;;
00137694;;;
00137714;autre regret;;
00137773;;;
00137778;;;
00137779;;;
00137784;;;
00137846;passage E7 possible, experrt N4;;vivier E7
00137978;;;
00138012;scientifique pure pas E7;;
00138045;;;
00138073;;;
00138089;;;
00138090;;;
00138293;;;
00139029;;;
00139127;;;
00139465;;;
00139471;;;
00139480;;;
00139686;;;
00139696;;;
00139737;;;
00139920;pas d'HDR refus total;;pas d'HDR refus total
00139931;pas HDR;ne souhaite pas passer E5, refus HDR, mais aime bien encadrer;chercheur mais ne veut pas passer son HDR, refuse de passer E5 oblige 
00139933;;;
00139943;;;
00139945;;fin de ligne E6;pas vivier E7
00139947;;;
00139953;;;
00139955;;;"a déjà eu 3 ans, a choisi de quitter la recherche, rejoint le groupe de support informatique ; on attend de voir, aura des responsabilités moindres"
00139957;gestion E6;;
00139997;;;
00140066;;;
00140109;;;
00140123;;;
00140161;;;deux fois 3 ans gros problème travaille sur son sujet de thèse depuis toujours 
00140208;;jamais E5;regret
00140209;prop E7 , si pas E7 avancement valeur basse;;
00140216;;;
00140221;;;
00140222;;;
00140232;;;
00140237;;;
00140245;;;
00140255;possible E7;;
00140257;passage E7 en discussion mis à disposition;;
00140275;;;
00140276;;;
00140306;;;
00140309;;;
00140406;;;
00140450;prop E7;;
00140451;;;
00140455;;;
00140545;;;
00140593;;;
00140599;;;
00140609;;;
00140627;;;
00140637;;;
00140660;gestion de fin de ligne;;
00140705;;"repetitif ; ";
00140712;;;
00140739;;;
00140779;E6;;
00140780;;;
00140789;gestion de fin de ligne;;
00140791;;;
00140795;;;
00140796;;;
00140822;;;
00140862;;;
00140868;;;
00140945;;;
00140951;pas de possibilité E7, moyennenemt satisfaits;pas de possibilité E7;"E7 pas prévue pour l'instant ; ne produit pas de document pertinent"
00140952;;;
00140984;;;
00141016;;;
00141021;;;
00141024;;;
00141044;;;
00141075;;;
00141085;;;
00141138;retraite 2022 pas sure;retraite 2022, à disposition du MESRI ne rend pas compte au CEA. ;
00141170;;;
00141180;;;
00141289;;;
00141300;;repet directrice finance !;
00141305;;;
00141309;;;
00141346;;;
00141381;;;
00141427;;;
00141431;;;
00141437;;;
00141469;;;
00141505;;;
00141507;;;
00141576;;;
00141608;;;
00141612;;;
00141664;;;
00141669;;;
00141678;;;
00141991;;;
00142022;;;
00142082;;;
00142154;;;
00142261;prop E7;;
00142331;;;
00142424;;;petit regret service
00142454;;;
00142471;E6;;
00142487;prop E5;"absente 18 mois, temps partiel ; changed'activité ; E5 l'an prochain ";
00142724;;;
00142748;;;
00142767;;;
00142768;;prop E7;
00142950;;;
00142951;;;
00143003;revenu de congé sans solde;;
00143209;;;
00143585;;;
00143649;;;
00143662;;;
00143948;;;
00143979;;"CFDT : ?? Planté ne passera jamais E7, rétrogradé; DIR reçu, doit faire une mobilité, phase de recherches actives";
00144104;;;
00144162;;va au CERN, c'est son tour de passer son tour, passera un an au CERN;
00144257;;;3 ans, auditionné E5 repetitif l'année prochaine !
00144363;;;
00144608;;chef d'équipe radiocarbone, proposition E7 l'an dernier reproposé cette année;pas d'avancement cette énne proposée E7, passera en 2020 en avancée en 2020
00144661;;;
00144676;;h;
00144715;;;
00144751;;;
00144752;;;
00144755;fin de ligne CGC : E7 ?;;
00144771;;;
00144912;;;
00144919;;;
00145030;refocalisé sur institut reste pb HDR, yapuka !;;min= refuse de passer son HDR
00145043;;;
00145065;pas d'HDR;;3 ans, devait passer HDR en audition E5 ne l'a passée
00145073;;;
00145085;;;
00145089;;;
00145092;;;
00145105;;;"abonné au valeurs basses; est passé dans la sécurité retrouvera un rythme normal"
00145116;;;
00145117;;;
00145125; ;se passe bien, apaiseur managériale;passe son tour
00145139;;a pris la tête d'une nouvelle équipe;
00145150;;;
00145151;;;pas E7, publications et prod scientifique insuffisante
00145162;;prop E7, basse répétitif;
00145168;pas depubli pour l'instant mias dev du code , passage à 3 ans;;
00145226;;;
00145296;;;
00145312;;;
00145313;;;regret
00145336;;;
00145341;;;
00145344;;;
00145349;;;
00145363;;pb de comportement et d'implication, très difficle au quotodien, se pense expert non reconu, hostile au changement;
00145375;;;
00145467;;;
00145473;;;
00145499;;;
00145510;;;
00145513;;plafond;
00145515;;;
00145528;;;
00145529;vient de lacher chef d'équipe   ;surfaces continentales;
00145530;butée+retraite;;
00145533;ERC advanced;2 ème ERC;
00145535;;;passe sont tour
00145537;;;
00145544;;;
00145551;;;
00145552;;;
00145554;vivier E5 mais ne risue pas la butée donc à voir;dynamique responsabilité, chef de thème = service;
00145570;;;3 ans car il ne veut pas passer E5
00145571;;;
00145572;;;
00145575;;;
00145581;a fait un peu qqch avancée du bout des lèvres, ne partira jamais en retraite, électro pas complètement plat n'aura pas de retraite;;
00145583;;;
00145606;état stationnaire, ne suit pas les directives, conflit, ;tensions dans son groupe avec son manager, pas E5, cav un peu mieux, il travaille;essaie de suivre sdes objectifs scientifiques, pas intégré, conflictuel avec direction
00145608;;;
00145611;;;
00145615;;;
00145638;;;
00145640;;"n'est pas là, dans un labo de Paris centre, fait ce qu'il veut ; entretien annuel refusé au CEA";
00145649;;pas de retraite. Remplacé comme chef d'équipe;passe son tour l'année prochaine
00145654;;;
00145657;;;
00145668;;;
00145673;;;
00145674;taches trop simples ;gestion butée;
00145693;;;
00145694;;;
00145695;à deux ans;;
00145697;;;
00145852;;;
00145887;;;
00145961;;;
00146021;butée;;
00146030;;fin E6 sans E7;
00146033;;;
00146051;;;pas d'avancement situation pas arrangé
00146053;;;
00146125;;;
00146145;;;
00146282;"pas complètement satisfait ; retard NT";;regret mais pas matière à passage E5 VERIFIER qu'elle est prévenue
00146327;;;
00146570;;;
00146608;;;
00146620;;;
00146664;;;
00146666;;;
00146719;;;
00146727;;h prop E7;
00146731;;;
00146754;;;
00146763;repet;;
00146768;;;
00146770;;;
00146788;;E7 ?;vivier E7
00146886;;problème de catégorie;
00147191;;;
00147931;vivier E5 pas encore le modèle adjoint !;équipe mosaic,chargé mettre au point un modèle.tangeat lnéaire, partiellement atteint, même deal sur E5 que 2019;"arrivé en 2003 en provenance de la DEN ; code CASTE1 ; 2009 départ à l'ONEMA détaché ; retour dans une autre équipe que celle de départ; dans une équipe d'inversion atmosphérique (modèle difficlle) ;  difficille) ; orchidée) thèse pendant LSCE ; bon en math appliqué ; faire l'adjointisation d'orchidée tache compliquée qui justifierait un passage E5 ; Pacal suhaite passer une HDR passage E5 difficille dans ce contexte proposable E5 si réussite de l'adjointisation réussie. temps partiel thérapeutique (mi temps) "
00147945;;;
00147971;;;
00148085;;;
00148166;;;
00148355;;;
00148376;détaché retenu sur un poste au MESRI;;
00148390;;;
00148485;service minimum;;
00148490;;;
00148504;a bien travaillé en 2020;pas E5;
00148508;pas E7, fin ligne;;
00148515;;;regret
00148516;;;
00148518;;;
00148533;2 ans;;3 ans quand on passe E5
00148534;;;"raletie brusquement; mobilité en mai 2017 quitté la DA1 a rejoint la trésorerie, s'est mal passé, repositionné autre service de DFP depuis nov 2017 a rebougé depuis 1ermai acheteur"
00148537;"non tenue des objectifs ; pas toujours là. Situation vraiment sérieuse";;
00148539;;;
00148546;;;
00148552;;gestion de ligne;
00148555;;;pas fléché E5
00148557;;;
00148558;repet l'en dernier;;
00148559;;;
00148560;;choix porté sur Poupin ;
00148648;;;
00148691;;;
00148699;;;
00148752;;;
00148756;pourrait E7;;
00148772;;;
00148779;;;
00148849;mesure de terrain en Sibérie !;méritant mais moind de prod scientifique, pas d'avancement;
00148867;;;
00148878;plus de 70 butée;;
00148881;;;
00148883;;;
00148886;;chercheur lidar, ;passe son tour mais tout va bien
00148887;;;
00148896;;;
00149002;;;
00149580;;;
00150004;;;regret
00150014;;;
00150215;;;
00150373;;;
00150452;;;
00150841;;;
00150870;;;
00150895;;"gestion de ligne ; devrait changer de poste";
00151911;;E7 ?;
00151917;A voir ? E7 à court terme non? HDR pas préparée . Premier regret;;
00152004;prop E7;;
00152078;;;
00152157;;;
00152186;;;
00152191;;;
00152201;;;
00152204;;;
00152219;;;
00152222;;;
00152229;;;regret
00152230;repetitif;"difficultés dans cette catégorie ; un peu en deca";
00152239;;;
00152244;pas proposé l'année prochaine;passera pas E5, donc lent;pas au niveau E5  ne veut pas faire les efforts pros diagnostic posé depuis longtemps (plus de 10 ans) sympa mais bof 
00152254;fin E4 3ème mini de suite passera pas E5;;
00152274;vivier E7;a rejoint la direction plus projets;
00152368;;;
00152491;;;
00152568;;;
00152580;;;
00152614;;;
00152620;;E7 possible;
00152661;;;"a déjà eu 3 ans; problème de production scientifique jamais premier ou dernier dans les publis"
00152721;;;
00152728;;;
00152730;;;gère une construction à l'ILL continue à bénéficier du LLB
00152765;durecteur LYDIL;;
00152803;;;regret
00152812;;;
00152818;catégorie;;
00152862;;;
00153042;repet E7 ?;;
00153078;;;
00153475;;;
00153530;;;
00153788;;;
00154135;;;
00154148;;;
00154415;;;
00154656;;;
00154735;;;
00154860;;;
00154870;;;
00154889;;;
00155212;;;
00155338;;;
00155391;;;
00155428;;;
00155576;;;
00155631;;1regret;
00155788;;;
00155948;;;
00155976;;;
00156066;;pas de chance;
00156092;incertitude E7, ça va être dur;"gestionde ligne ; pas de poste E7 ; doite changer de poste";
00156093;;;ou médiane vise E7
00156097;;;
00156106;vivier E7;;
00156114;butée;;
00156126;contrainte catégorie;;
00156144;;;
00156161;;"travaille pas assez ; comportement conflicutuel, pbd e com";
00156166;;;
00156172;;;a son HDR ! Relachement , prévenu par le manager, doit prendre des responsabilités, avertissement
00156180;fin E4;;
00156181;;;
00156183;;;
00156188;E7 incertain;;
00156316;;;
00156332;;;
00156411;;;
00156467;;;
00156514;;;
00156604;;;
00156664;;;
00156665;;;
00156666;;;
00156721;;;
00156727;;;
00156728;;;
00156745;;;
00156814;;;
00156859;;;
00156893;;;
00156913;arrêt mamaldie;;
00156933;;;pas compétent ?
00156968;;;
00156969;;;
00157042;;;
00157050;;;première à 3 ans
00157070;;;
00157075;;;
00157109;;;
00157113;;;
00157131;;;
00157155;;;
00157160;;;
00157182;;;
00157242;;;
00157296;;;
00157321;;;
00157347;;;
00157376;;;
00157398;;;
00157455;;;
00157496;;"on attend plus d'ivestissement ; E5 bof";
00157559;;;
00157583;;;
00157679;;;
00157697;;;
00157698;catégorie;;
00157712;donne beaucoup;"repetitif ; ";
00157885;prop E5;;
00157904;;;
00157911;E4;;repet
00158140;;;
00158267;;;
00158546;;;
00158639;;;
00158956;;;
00159086;;;
00159201;candiat E7 1!;;
00160072;;;
00160494;retour compliqué comportement, situation difficile;longue maladie pendant 3 ans;
00160814;;;
00160865;;;
00161027;;;
00161064;;;
00161076;;;
00161094;chef CIMAP vivier E7;;
00161100;;;
00161103;;;
00161105;;;
00161111;;;
00161113;prop E7 si passée E7 min l'année prochaine;à la pointe lubrisol, notre dame, chef de service, trajectoire E7;passage E7 possible 
00161117;;;
00161121;;;
00161125;;;
00161175;;;
00161193;;;
00161204;;;perpective E7
00161212;;;
00161259;;repet E5;
00161261;;;
00161303;viver E7;;
00161317;;;
00161327;;peu d'implication, a été inexistant, alors qu'expert, avertissement;
00161615;quota;;
00161636;situation s'est améliorée;production et implication insuffisante;pas de pasge E5
00161646;;;
00161648;prop E5;;
00161661;;;
00161744;;;
00161778;;;
00161779;;;"rqlentie; E5"
00161791;;;
00161811;catégorie pas E5;;
00161822;;;
00161824;;;
00161831;;;
00161839;;;
00161840;;;
00161841;;;
00161842;;;
00161846;;;
00161850;;;
00161854;;;
00161859;;;
00161863;;;regret
00161919;;;
00161946;;;
00161953;;;
00161973;niveau moyen pour catégorie;;
00161986;;;
00161987;;;
00161993;;;
00162007;;;
00162053;CI du lab Carb 14;;candidat E5 passera en 2019
00162107;;;
00162113;;;
00162119;;;
00162175;;;
00162184;"E7 intermédiaire doit prendre des responsabilités projet arret, compétence pour E7; ""EIC Shphenix micrmegas""";;
00162191;;;
00162206;;;
00162241;;;
00162272;pas fléché E5;ne saisit pas le marché pour E5 ;"plsuiseurs fois 3and ; vivier peut-être ; à recentrer"
00162330;;;
00162332;;;
00162443;sans doute pas E7;;
00162489;prop E7;;
00162510;;;
00162582;;;
00162586;;;
00162629;;;
00162768;;;
00162772;;;
00162776;diectoin équipe glace polaire, HDR pas encore soutenue !;"prop E5; reconversion  suite à fin d'activité, travaille paléoclimat ; doit passer son HDR pour proposition l'an prochain";
00162841;;;3 ans, alerte pas de publi depuis 5 ans et pas de projets déposés
00162902;;;
00162903;repet;;
00162905;baisse de régime;;pas E7 prévu
00162906;;;
00162961;;;
00163318;;;
00163607;;;
00163760;;;vivier E5
00163779;;;pot E5
00163782;;;
00163790;;;
00163797;;;
00163799;;;
00163910;;;
00163934;;voudrait plus moteur dans ses actions, accompagne plus les évolutions;
00164392;;;
00164458;;;
00164468;;;
00164791;;;
00164933;;;
00164935;;;
00165215;;;
00165383;;E5 ?;
00165432;E5 difficille à dire;;"décision demanagement se met en rertrait ne veint pas au réunion de labo ; attitude peu coopérative ; bon scientifique mais vision indivudualiste; ne s'implique pas ; pas de passage E5"
00165519;;;
00165527;;;
00165551;;;
00165943;;;
00165944;;;
00165954;;;
00165963;signal fort. N'a toujours pas passé son HDR;"n'a pas passé son HDR ; ne tient pas ses délais et engagements";
00165966;;;
00165978;;;
00165981;;;
00165989;;;
00166036;;;
00166060;;;
00166063;;;
00166092;;;
00166094;;;
00166095;;;
00166103;;;
00166105;;;
00166116;;;
00166124;;;
00166134;non proposée mais peut-être bonne surrise candidate E7 si E7 VM sinon année prochaine;;
00166263;;;
00166350;;;
00166382;;;
00166398;;;
00166401;;;2012 ? Passage E3 congé parental puis revenu à mi-temps
00166467;;;
00166558;;;proposé E5
00166559;;;
00166562;;;
00166741;;;proposé E5
00166753;;;
00166754;;;
00166791;;;
00166794;;;
00166800;vbivier E7;;
00166802;;;
00166804;;;
00166811;;;HDR ?
00166815;;;a déjà eu 3 ans
00166819;;;
00166892;;;
00166934;;;
00166950;;;
00166974;;;
00166983;;;
00166987;;;
00167011;prop E5;;vivier E5
00167021;;;
00167062;;;
00167151;;;
00167155;;;
00167166;;;
00167326;;;"a déjà eu 3 ans ; dossier scie,tifique léger malgré HDR, pas d'artvile en dernier auteur depuis 2012, doit finaliser des articles."
00167333;;;
00167420;;;
00167460;;;
00167484;;;
00167510;;pas de reproche, mais en mission dans un autre labo , chef de labo , jamaias ralenti avant ;
00167654;;;
00167671;;;
00167673;;;
00167680;;;
00167681;;;
00167688;;;
00167689;butee;;
00167690;;;
00167692;;;
00167700;;;
00167708;;;"contrainte catégorie ; regret"
00167709;;;
00167710;E6;;
00167711;;;
00167860;;;
00167879;;;
00167884;;;
00167915;;;
00167916;fin E7 bien que adjoint chef de département;;
00167921;;;
00168065;;;
00168086;;;
00168302;;;
00168463;;;passera E5 si HDR promis mais ne le fait pas sans doute en2019
00169098;;;
00169147;prop E5;;
00169183;;;
00169255;;;
00169461;;;
00169595;;;
00171536;;repet E5 ;
00171679;;;
00171698;;;
00171800;;;
00171823;;;
00171879;;;
00171966;;;
00172003;candidat E7;;
00172006;;;
00172009;;;
00172020;;;
00172062;fin E6;;
00172070;"repet;  A1 2019 ";;
00172090;;;
00172177;;;repet basse
00172182;;;
00172196;;;
00172197;;;
00172198;;;
00172209;;;min avertissement doit travailler comme un A1
00172228;;;
00172492;;;
00172502;;;
00172521;;;
00172542;;;
00172652;;;
00172716;;;
00172757;retraite progressive;;pass E5 pres
00172761;;;
00172807;;;
00172828;;;
00172829;;;
00172830;;;
00172915;;;
00173045;;E5 ?;
00173061;pass A1 + avancement 13 points;;
00173074;;;
00173075;;;
00173082;;;
00173092;;;E5 présentée
00173095;;;l'énnée dernière ça n'allait pas. Pas assez d'implications.cette année ça va.
00173104;;;
00173109;;;
00173110;;;
00173116;;;
00173119;;;
00173122;;;
00173125;;;
00173127;;;
00173132;;;
00173144;;;
00173200;;;
00173276;;;
00173309;E6;;
00173325;;E7 ?;
00173388;;;
00173409;prop E5;;
00173411;catégorie, intermédiaire pour E7;;
00173452;;;
00173826;;;
00173828;;;pas dans E7
00173834;;;
00173836;;;
00173843;;;
00173845;;;
00173851;adoint scientifique E7 ?;adjoint scientifique;
00173856;;;
00173857;;;
00173861;;;
00174011;prop E5;;
00174031;;;
00174063;;;
00174176;;repet proposé E5;
00174181;;;
00174184;;;
00174239;pas E5;;
00174249;"mal apprécié l'an dernier; pas de nouvelels n' a repris depuis des mois. On a du le retirer de son action au SEMI. ";"pas dans une position E5 aujourd'hui pas les éléments ; expérince DAM pas un obstacle";
00174250;;;
00174251;;;
00174252;;;
00174256;;;lent. Pas positionné E5 pas d'article en 1er ou dernier auteur depuis 2002
00174266;;;
00174268;prop E5;;gestion de la butée pas E5 envisagé REGARDER AVEC DANS 
00174279;;;
00174286;;;
00174290;;;
00174294;;;
00174342;;;
00174413;;;
00174554;;;
00174582;;;
00174584;;;
00174588;;;
00174593;;;
00174601;;;
00174604;;;
00174611;retraite;;
00174618;;;
00174628;;;
00174633;;;repetitif passage E3
00174636;;;
00174645;;;
00174647;;;pass E5 tardif car doctrat étranger
00174659;;;
00174662;;;
00174665;;;
00174669;retraite progressive; ;départ 1er janvier 2023
00174670;;;
00174673;pas E7;;
00174679;;;
00174682;;;
00174691;;;
00174693;;;
00174706;;;
00174736;HDR ?? !!;;HDR ?? !!
00174760;E6;;
00174800;;;
00174826;;;
00175240;;;
00175241;;;
00175264;;;
00175273;;;
00175323;;;
00175410;;;
00175812;refus d'HDR;refus HDR recruté X;refus d'HDR
00175849;;;
00175888;;;
00175950;;;
00176316;E5;;
00176441;;;
00176479;;;
00176493;démission prochaine;;
00176523;;;
00176612;;;
00176621;;;
00176635;;;
00176636;;;
00176641;;;
00176645;contrainte;;
00176649;;;
00176651;;;
00176657;;E5;
00176664;;;
00176666;;;
00176670;;;
00176673;;;regret catégorie
00176676;;;
00176681;;;
00176684;;;
00176686;;;
00176691;;;
00176692;retraite;;
00176695;;;repet
00176697;;;
00176754;;;
00176763;;;
00176776;;;
00176824;;;
00176828;;E5;pour le passer E5
00176829;gros souci médical absence injustifiées reprend tout juste. Si ca va doublé l'année prochaine;;
00176830;;;
00176832;"effet catégorie ; E5 ? Dialogue compluqé expertise HDR en prépapation depuis quelques temps";;
00176939;;;
00176990;;;
00177198;;;
00177212;E5 ?;contrainte de catégorie;
00177214;;;
00177222;;;
00177228;;;
00177242;;;
00177244;;;
00177253;;;
00177322;;;
00177344;;;
00177376;;;
00177426;;;
00177430;;;& déjà eu 3 ans, dossier E5 pas prèt, ne s'investit pas (dans la plate foem) au niveau du service). La seule n'assure pas la plate-forme
00177437;;;
00177445;;;
00177447;;;
00177449;;;
00177451;;"repetitif ; adjoint service";
00177461;la CFDT compte le faire paser E5 via Rebsamem, fait son travail sans autonomie avancera l'année prochaine;;syndicaliste secrétaire COMET, CHSCT, fin de ligne E4 passage à 3 ans
00177465;;;
00200010;;effet de catégorie;
00200016;;;
00200023;;;"contrainte catégorie ; regret"
00200117;contrainte;;"présentée E5 ; c'était pas gangé car pas souvent pilote ; panorama pas cohérent vu de loin; se prépare une HDR"
00200133;;E5 ?;
00200221;;;
00200222;;;"pas en vivier E5 ;"
00200268;;;
00200275;;;
00200279;;;
00200285;;;
00200376;;;
00200396;;;
00200429;;;
00200434;contrainte;;
00200500;E6;;
00200503;prop E5;;
00200510;;;
00200543;;;"syndic : DSI satisfaite, passage à 4 ans , pourquoi ???. DIR : rV avec le SST avec la hiérarchie ; pb productivité et comportement. Pas simple avec collègue, pas de qualité pour le travail. Problèmes persistants. Erreurs recadrage, tout le travail doit être relu, réamagement du porte-feuille à la baisse. "
00200557;;;
00200572;"contrainte catégorie; regret";;
00200577;;;
00200605;;ou h;
00200781;;;
00200803;;;
00200820;;;
00200836;;;
00200874;;;
00200913;pas forcément fléché E5;;
00200944;très dynamique Isham ;E5 ?;
00200972;;repet et prop E5;
00201002;;;
00201062;;;
00201177;;"effet de quota ; pas accidenté en E4, accidenté en E5";
00201190;;;
00201306;pas autonome pas appui pas E5;;
00201313;;;
00201316;;;
00201318;;;
00201329;;;
00201439;prop E5;;
00201488;;;
00201494;;;
00201504;;;
00201536;;;
00201542;;;
00201706;;;
00201793;;;répétitif avec regret
00201831;passage cadre;;
00201843;démission;;
00201986;;;
00202069;retrait total;ne veut pas passer E5, préfererait être A2;
00202106;;;repet
00202154;;;
00202182;;il faut plus d'implication et prise de responsabilité;
00202185;catégorie;;sans doute pas prévu E5. Est-il prévenu ?
00202196;prop E5;;
00202226;;;
00202248;difficile regret;même projet depuis des années, doit finir avant sa retraite, pas d'indication de l'avancement de son travail;on verra la prochaine fois  pas le plus performant de nos chercheurs
00202251;;;
00202262;E5;;
00202312;;;chgy A1 en 2017
00202319;;repet E5 ;
00202330;;;
00202354;;;
00202355;;;
00202378;;;
00202391;;;
00202510;;;
00202583;;;
00202585;travail ne correspond pas à ingénieur;"abonnée VB ; ne s'améliore pas ; ""sa vie est ailleurs"" ; implicationminime";
00202597;;;
00202598;;;
00202600;;;gros regret j'aimerais faire meieux que ça
00202603;;prop E5;
00202614;;;
00202638;;;
00202688;futur E5 ? Vivier pour bientôt;;
00202690;;;
00202692;;;
00202709;;;
00202719;contrainte;;présentée E5
00202725;;;
00202865;arrêt maladie reconduit régulièrement pas d'assurance sur son retour;"arrêt depuis 2019 depuis 3 mois; difficlle pour revenir";
00202866;;;
00202870;manque d'implication;;
00202871;;;
00202890;;;
00202906;;;
00202935;;adjoint scientifique;
00202939;;;CFDT a beaucoup beaucoup donné, DIR contrainte de catégorie
00202952;;;
00202957;;;
00202958;;;
00202988;;;
00202995;;;
00203108;;;
00203124;;"quota; pas de souci";
00203164;;c'esr tout ce qui reste;
00203191;;;
00203206;;;
00203209;;;
00203212;;;
00203224;;;
00203229;;;
00203233;;;
00203246;;;
00203265;;Vmax;
00203315;;;
00203382;regret, syndic : ca va êrte mal pris;;
00203439;;;
00203444;;;
00203445;;petit signal;
00203488;max en 2020;E5 ?;
00203522;repet malheureusement impossible;calcul HPC, modèle du climat;
00203530;;;
00203726;;;
00203782;;;
00203824;E5;;
00203966;;;
00204049;congé sans solde;;
00204052;;;
00204053;;;
00204058;repet;E5;vient des US , fort potentiel passsera E5 bientôt
00204170;;;
00204321;;;
00204362;;;
00204428;;;
00204695;;;
00204812;;;
00204843;;E5 ?;
00204893;;;
00205025;;E5;
00205030;prop E5;;
00205041;;;
00205047;;;
00205114;;;
00205141;;blocage HDR ?;profil chercheur au départ, recruté comme ingénieur, a en fait continué son post-doc, ne fait pas le travail demandé, devrait revenir au Dphp mais passage HDR, et passage devant le comité Dphp
00205202;;;
00205295;prop E5;"passage 3 ans ; passage N3 on attend pour le passer E5 ";
00205319;;;
00205325;;;
00205533;;;
00205565;;;
00205721;;;
00205734;;h;
00205749;pass E5 ;;
00205839;;;
00205848;;;
00205894;;congé sans soldes pendant 4 ans;
00205897;;;
00205985;;;
00205995;;;
00206057;;;
00206080;très visible beaucoup de publi, deux ans;proposé haut potentiel;
00206090;gestion de fin de ligne;fin de ligne;
00206103;;;
00206118;;;
00206138;;;
00206154;;;
00206165;;;
00206177;;chef très gros projet TGIR stations mesures gas à effort de serre;
00206203;chgt annexe;;
00206249;;;
00206323;;E5 ?;
00206341;;;
00206381;;;
00206425;;;
00206514;;;
00206628;;E5 ?;
00206634;;;
00206654;;;
00206962;;;
00207067;;;
00207099;;;
00207155;;;
00207358;;;
00207366;repet;E5;
00207394;E6;;
00207454;;;
00207665;E7 ?;;
00207681;;;
00207970;;;
00208005;;;pas encore E5 passera à 3 ans avec haute en 2020
00208054;;;
00208076;;;
00208191;;;a déjà eu 3 ans
00208195;;;
00208253;;;
00208275;;;
00208292;;;
00208320;;;
00208322;;;
00208351;potentiel E7;;"E7 difficile ; CdL seulement"
00208354;;;
00208371;;;
00208419;;;
00208440;potentiel E5, à mettre en situation;;
00208463;E6;;
00208487;;"prop E5; ";
00208488;;;
00208541;message : ne fait pas ce qu'on souhaite;;"bon scientifique créatif (trop) ; ligne mars  ; travaille DRF ; recherche émotion scientifique ; manque de finalisation nuit efficacité"
00208573;;;
00208583;;E5 ?;
00208621;;E5 ?;
00208705;;;
00208724;;;
00208762;;;
00208766;;;
00208767;;;
00208793;;regret de pas repet;
00208882;vient de IRSN;;
00208926;;;
00209021;;min repet;regret
00209024;;;
00209049;;"repetitif ; ";
00209055;;;
00209230;;;
00209297;;;
00209525;;;
00209574;chef de srvice SEMI;3 eme mandat de CDL;
00209584;;;
00209723;;;maladie longue durée epuis 2017 avant congé parentaux
00209926;;;
00210141;;;
00210187;;;
00210320;;E5 ?;
00210519;;ne collabore pas contrairement à ce qui est demandé;
00210626;;;
00210644;E4;;
00210671;;;
00210705;2 augmentations;;
00210825;;;
00210862;;;
00210897;repet;;
00211009;;;
00211014;;;
00211031;;;
00211130;;;
00211156;;E5 ?;
00211173;;;
00211300;ralentit. Ne travaille pas.;;
00211319;;;
00211414;;;
00211502;E5;;
00211549;;;
00211583;;"effet catégorie ; rien n'est reproché";
00211619;;;
00211646;;passage E5 récent;
00211657;;;
00211675;;;
00211711;;;
00211756;;;
00211851;resp équipe calcul;;a été très actif marquer le coup
00211860;;;
00211897;E6;;
00211898;;;
00211935;;;
00211962;;;
00212007;;vivier E5 sans date;
00212052;va passer chef de labo;management ou reste technique ? Pause et tranition E5 si management, regret;
00212058;;;
00212079;;;
00212087;;;
00212096;;;
00212102;;;"petit regret; "
00212120;;;
00212121;;;
00212166;;;
00212175;;;
00212189;;;
00212195;;;
00212198;E4;;
00212274;;;
00212345;;;
00212356;;;
00212380;;;
00212444;;;
00212462;;;
00212464;;;
00212754;;;
00212807;;;
00212839;;;
00212847;fléché E5;;
00212897;;;
00212930;;;
00213055;;;
00213096;;h;
00213111;;;
00213112;;;
00213221;;;
00213313;;;
00213365;;;
00213433;;;
00213525;;E5;passera E5
00213586;;;
00213593;;;
00213613;;;
00213873;;;
00213875;"contrainte; regret ; si on peut min";;
00214021;;;
00214034;catégorie, pas E7;;
00214080;;;
00214094;;;
00214106;;;
00214205;;;
00214218;prop E5;va devenir chef d'installation adjoint;
00214269;;;
00214316;;;
00214391;"contrainte; regret ; vivier E5";;regret pas vivier E5  pour l'instant a voir avec DANS auparavant pas ralenti
00214521;;;
00214556;;;
00214579;;;"3 ans; E5 ? Dossier pas prèt pour l'instant"
00214583;;E5;
00214596;E5;;
00214666;;;
00214674;;;
00214678;;;
00214776;;;
00214785;;;
00214799;;;
00214851;;;
00214854;;;
00214861;;;
00214932;;;
00214997;;;
00215044;E7 pas possible dans poste actuelle;;
00215065;;;
00215074;;;
00215102;; plus E5;passage E5 difficile prévu  année prochaine
00215142;;;
00215174;;;
00215245;;;
00215249;;;
00215256;E5;;
00215260;;;
00215275;;;
00215284;;;
00215322;;changement d'annexe;
00215394;;;
00215418;;;
00215456;;;
00215461;prop E7;;repet CDS
00215523;;;regret
00215576;;;
00215585;prop E5;"regret ; viver E5";
00215601;recruté en 2019;;
00215609;;;pass E5 tardif car doctrat étranger
00215664;;;
00215679;;;
00215712;;;
00215842;;chimie atmosphère reconvertie sur climats passés, beaucoup bossé pour le GIEC;
00216113;;"E5 bientôt ; HDR OK";regret vivier E5 dès HDR
00216148;doit rejoindre les projets et s'impliquer pas assez présents;;
00216265;;;
00216286;;;
00216287;;;
00216315;;congé maladie depuis sep 2017;congé maladie depuis sep 2017
00216660;;;
00216852;;;"difficulté ; objectifs non réalisés ; en général  ien acompagnés, on essaiera de répeter l'an prochain"
00217002;;;reclassé A1 en 2018
00217136;;;
00217222;;;
00217249;;;
00217286;;;
00217376;;;
00217428;;;
00217485;;max l'an prochain car CDL;deuxième regret de ne pas pouvoir faire un répétitif
00217512;;;E4, mal recruté 
00217521;repet;;
00217533;"passera à 3 ans ; peu productif ; pas d'HDR pas publié depuis 3 ans";;
00217537;problème de productivité MAD 18 mois auprès de la DES inefficace, réaffecté au DSST, suivi de contrat restauration, situation compliquée, min choisi par la DES;;
00217600;;;
00217637;;;
00217643;;;
00217675;;;
00217682;;;repet E4
00217743;;;
00217802;;;
00217882;;;
00217937;;cat;
00218005;;;
00218039;;;
00218117;;;
00218156;;;
00218170;pass E5 validé DRF;;
00218178;prop E5;;
00218221;;;
00218282;;;
00218285;;;
00218326;vient d'ailleurs au CEA travail normal*;rejoint en 2019, bne intégration;
00218385;;;
00218432;;;
00218453;;;
00218509;;informaticien, E5 ? Pas gagné;
00218511;;;
00218525;candidat E7;;
00218543;;;
00218553;;;
00218607;;;
00218615;;;
00218650;;E2;
00218705;;;
00218717;;;
00218825;repet prop E5;;
00218843;;;
00218865;;;
00218877;;E3;
00218885;;;
00218891;;;
00218919;;;
00218926;prop E5;;
00218930;;;a été détachéeà l'AIEA , recosntitution en 2017 car revenue CEA  toujours à Vienne 
00219013;;;retour d'ASN n' a pas été avancé pendant l'ASN. C'est un problème
00219102;;;
00219121;;;à surveiller  pétition
00219169;;;
00219250;;;
00219288;;;
00219580;;;
00219624;;;
00219652;regret;;
00219684;;"repetitif ; CGC on demande repet median ; pb de quota valleurs basses";
00219707;;;
00219768;;;
00219821;;;
00219846;;;
00219921;;;
00220139;;;
00220149;;;
00220160;;;
00220170;;;
00220326;;;
00220342;;;
00220346;;;
00220395;;;
00220739;;;
00220744;;;
00220802;;;
00220830;;;
00220838;;;
00220861;;;
00220875;butée;;
00220915;;;
00220932;;;
00220965;;;
00220980;;;
00221007;démission;;
00221033;;pourquoi ? DIR chgt d'annexe, batille s'en suit;
00221041;;;
00221057;;;
00221066;;;
00221137;;;
00221141;;;
00221142;;;
00221148;regret haut l'année prochaine si possible;;
00221377;repet. CGC valeur basse  : incident il ya qq années faux répetitif, mais OK.;;
00221495;;;
00221502;;;
00221713;;;
00221718;;cat;
00221794;repet;E5;pas E5 dans l'immédiat à voir
00221852;;E4;
00221889;;;
00221892;;;
00221912;;;
00221958;très actif prop E5;pépite;si on a une basse à donner on vise E5 proposé en 2020
00221978;E5;;
00221979;E5;;
00221981;;revoie l'année prochaine;
00221987;;;
00221991;;;
00221997;prop E5;;
00222020;;;
00222023;;E5;
00222033;;;regret
00222134;;;
00222135;;;
00222169;;;
00222175;;;
00222185;;;
00222260;;;
00222308;;;
00222357;;;
00222447;;;
00222530;;;
00222661;;;
00222769;"vivier E5 ""toujours""";;
00222873;;;
00222889;;;
00222981;;;
00222996;;;
00223066;;;
00223157;;;
00223204;;;
00223343;E5 ? Peu-être dans 2 and;;
00223498;;;
00223525;;;
00223587;;;
00223603;;;
00223669;;;a quitté la DANS pass à DDC
00223946;;;
00223974;a renoncé à E7, ça va être dur;;
00224086;;;
00224101;;;
00224118;vivier E5;;
00224149;;;
00224150;;;
00224222;effet de catégorie;;à surveiller en 2020
00224344;;;
00224369;;;
00224415;prop E5;;
00224434;;;
00224480;;;
00224513;;;
00224543;pas E7;;
00224625;;;
00224677;;;
00224704;;;
00224731;;;
00224761;;;
00224803;;;
00224805;;;
00224806;;;
00224871;;;
00224952;;;
00224957;;;
00224975;;;
00225254;;;
00225307;;;
00225365;;1er regret car cadrage;
00225425;;repet;
00225443;;;
00225621;vivier E5, beaucoup d'articles;HDR;basse en répétitif si possible
00225633;repet poste à haute responsabilité passera E5;;
00225645;;;
00225648;;;
00225669;;;
00225679;;E5;
00225811;;;
00225824;;;
00225988;repet;;
00226127;;;
00226134;;;
00226202;;;
00226378;;;
00226399;;;
00226475;;;
00226523;;;
00226560;;;
00226661;;;
00226710;;veint de reprendre;longue maladie
00226763;;;
00226814;;;
00227011;;;passera eut-être son tour
00227045;repet vm;;
00227127;;;
00227181;;;
00227184;;;
00227197;;;
00227263;repetitif, pass E5 bientôt;;
00227264;;;
00227345;;;
00227350;;;
00227565;repet;;
00227573;;;
00227632;;;
00227671;;;
00227750;;;
00227784;;;repet l'année dernière
00227793;E5;;
00227807;;;
00227885;;;
00227886;;;
00227933;;;
00227948;;;
00227995;passe son tour , un peu difficlle de l'envisager E5, un peu ingénieur;;
00228140;;;pas le profil E5, devrait etoffer ses activités, pas irréversible
00228154;;;
00228282;vivier E5;;
00228477;;;
00228496;E5;;
00228580;;;
00228673;;;
00228716;E4;;
00228731;;;
00228779;;;
00228784;;;
00228789;;;
00228801;;;
00228815;;;
00228860;;;
00228895;;;
00228935;;;
00228992;;;
00229022;;;
00229070;;;
00229072;;;
00229585;;;
00229601;;;
00229957;;;
00230035;;;
00230287;;;
00230298;;;
00230356;repet;;
00230452;;;
00230460;;;
00230749;;;
00231376;;;
00231494;;;
00231519;;;
00231640;;;
00231644;;;
00231813;;;
00231818;;;
00231833;;;
00231958;;;
00232027;;;
00232107;;;
00232143;par à cad;;regret repet pas possible 
00232197;catégorie juste sous la barre;;
00232231;;;
00232322;;;
00232339;;;
00232365;;;
00232457;;;
00232473;;;
00232551;;;
00232584;;;
00232585;;;
00232634;;;
00232721;repet+2b;repet;
00232724;;;
00232747;;;
00232752;;;
00232754;;;
00232796;;;
00232831;;;
00232872;;;
00232877;;;
00233075;;;
00233114;;;
00233140;;;identifiée comme valeur basse possible
00233440;;;
00233553;;;
00233578;;;
00233619;;;
00233630;;"travaille très bien ; très solitaire ; ne travaille pas en équipe";
00233706;pas à la hauteur de ses engagement, absent un an arrêt maladie, vient de rentrer;;"alerte difficultés personnelles management resséré PROBLEME ; embauché avant fin thèse ; puis régularisé"
00233922;repetitif;;
00234026;;;
00234030;;;
00234112;;;
00234251;;;
00234364;;;
00234727;effet catégorie vivier E5;;bas repet très content de lui
00234859;;;
00234978;un peu léger sur le travail;;
00235044;repet;;
00235053;;;
00235102;;;
00235119;;;
00235161;;;
00235168;;;
00235223;;;
00235256;;;
00235265;;"travaille bien, ne joue pas collectif;";
00235267;;;
00235278;;;
00235293;;;
00235301;;;
00235422;va a la DCOM ;passage E5 examiné en 2018, et audition planté, détaché vers la bas. Adoit travailler sur son parcours et la suite. En 2020 pas prête, ça n'a pas évolué. Doit chzrchr ailleurs avec un projet cédible. Ne se projette pas en E5.;
00235534;;;
00235688;;;
00235909;;;
00235920;;;
00235923;;;
00235942;;;
00235952;;;
00236045;;;
00236213;;;
00236239;;;
00236242;;;
00236275;;;
00236299;;;
00236336;;;
00236362;;;
00236375;;CGC excellent élément efforts faits;
00236498;;"contrainte catégorie ; ";
00236555;;;
00236561;repetitif;;
00236581;repet;E4;
00236639;;;
00236642;;;
00236654;;projet structurant grosse charge de travail;
00236744;;;
00236853;;;
00236854;;;
00236939;;ne passera pas E5 en local fait de la COM;
00236968;;;
00237127;;;
00237172;;;
00237200;;;
00237223;;quota DF;repet classement de départ trop bas
00237228;;h ?;
00237314;;;bas repet
00237360;;;
00237393;;;
00237459;;;
00237726;;;
00237867;repet;;
00238115;;;
00238127;;;
00238247;;;
00238795;;;
00238847;;;
00238893;;;
00238902;E6 a fait l'interim pendant 2 ans a été rétrogradée en adjointe;;
00239007;;;
00239059;;;
00239089;;;
00239144;;;
00239315;;;
00239386;;;
00239405;;;
00239416;;;
00239425;;;
00239446;;;
00239477;;;passera eut-être son tour
00239595;;;
00239597;;;
00239784;;;
00239786;;;
00239804;;;
00239818;;;
00239834;;"min répetitif; a très bien réagi";manque d'implication, d'autres aspirations, bilan de compétences
00239850;;;
00239851;;"rattrapage ; envisageait de partir en Italie, pas encore E5";pas de souci juste pas de chance
00240025;;;
00240123;;;
00240237;;;
00240422;;;
00240425;;;
00240429;;;
00240452;fin de ligne E4 pasera pas E5;;
00240477;;;
00240508;;;
00240611;;;
00240642;;;
00240730;;;
00240759;;;
00241298;;;
00241456;;;
00241540;;;
00241546;;;
00241564;E5;;
00241652;;;
00241672;repet+2b;;
00241731;;;
00241799;;;
00242033;;;
00242040;;;
00242314;;;
00242369;;;
00242495;;;
00242659;;catégorie;
00242688;;;
00242734;;;
00242740;;;
00242800;;;
00242821;;;
00242869;;;
00243026;;;
00243045;;;
00243176;out;;
00243213;;;
00243373;;;
00243478;;;
00243505;;;
00243532;;;
00243599;;;
00243831;;;
00243897;;;
00243900;;;
00243919;;;"regret deux fois à 3ans pas asez de responsabilités ; corrigé par la hiérarchie"
00243934;;;
00243947;;;
00243958;;;
00243972;maladie longue durée;;
00243973;;;
00244058;;;
00244059;;;
00244061;;;
00244111;;;
00244119;;;
00244151;plus chez nous à cette date congé sabbatique mobilité géographique sera avancé l'année prochaine S'il revient a suivre;;
00244197;;;
00244206;;;
00244232;;;
00244346;;;
00244393;;;
00244775;;;
00244961;;;
00245113;;;
00245401;;;
00245494;;E2;
00245508;E5;;
00245511;;;
00245522;;;
00245532;;;
00245608;;;
00245700;;;
00245794;;;
00245956;;;
00246099;repetitif;;
00246141;;;
00246171;;;
00246219;;;
00246246;;;
00246364;;;
00246467;;;
00246510;;;
00246540;;;
00246563;repetif apres valeur médiane;"CFDT : CDL demandait un max ; un peu agé ne correspond pas à son investissement ; DIR a déjà eu un repet devrait passer E5; attention surcharge";
00246635;;;
00246691;;;
00246771;;;
00246800;;;
00246831;;;
00246834;;;
00246835;;;
00246843;;;
00246890;;;
00246902;;;
00246990;;;
00247018;;;
00247192;;;
00247220;;;
00247226;;;difficulté de rendre compte
00247241;;;
00247309;;;
00247319;mutation au 1er mai 2020 d'IRAMIS;;
00247367;;;
00247427;;;
00247444;;;
00247495;;;
00247503;;;
00247590;;;
00247674;;;
00247795;;;
00247801;;;
00247842;;;
00247867;;;
00247868;;;
00247871;;;
00247932;;;
00247945;;;
00247953;;;
00247964;;;
00247977;;"investissement variables avec cycle, reçu par CDL CDS; SPAEN: implication grandissante; cadrage; REPET MIN ?";
00248065;;;
00248118;;;
00248230;;;
00248280;;;
00248329;;;
00248443;;;
00248619;;;
00248677;;;
00248810;;;
00248904;;;
00248925;;;
00249073;;;
00249298;;;
00249299;;;
00249527;;;
00249537;;;"part en mise en disposition ASN 1er mars; CFDT jamais avancé en 3 ans ; dont un an de grossesse ; DIR beaucoup d'absence, non satisfaction travail ;  arrive en mai 2016, déjà arrêtée revue que en 2018 travaille en mi temps thérapeutique, vient avec un souhait de changement très suivie, n'a travaillé que 6 mois sur son poste ; s'est mis enr echerche active d'autre poste, ne travaille plus sur son poste"
00249568;;;
00249769;;;
00249819;;;
00249911;;;
00249916;;;
00249936;;;
00249955;;;
00249997;;;
00250053;;;
00250072;;;
00250101;repet E5;;
00250145;;;
00250202;;;
00250212;;;
00250297;;;
00250299;;;
00250332;;;
00250374;;;
00250470;;;
00250634;;;
00250700;;;
00250718;;;
00250866;;;
00250878;;;
00251013;;;
00251061;jeune recruté;;
00251092;;;
00251095;;;
00251123;;;
00251207;;;
00251215;;;repet E5 recrutée après post-doc long  E5 sans aucun doute prépasentée E5
00251244;;;
00251255;;;
00251292;;;
00251294;;;
00251299;;;
00251403;repet;;
00251428;;;
00251430;repetitif;;
00251447;;;
00251449;;;
00251459;;"repetitif ; ";
00251460;;;
00251473;;;
00251541;;;
00251594;;;
00251634;;;
00251705;;;
00251716;;;
00251762;repet;;
00251818;;;
00251828;;;
00251856;;;
00251955;;;"au lieu de maxi promis ; arbitrage défavorable ; prépare expert N3 pour la suite"
00252036;;;
00252296;;;
00252421;;;
00252487;;;
00252683;;;
00252816;;;
00252913;;;
00252945;;;
00253134;;;
00253347;;;
00253412;;;
00253472;;;
00253528;;;
00253580;;;
00253676;;;
00253724;;;
00253738;;;
00253746;;;
00253750;;;
00253805;;;
00253816;;;
00254046;;;
00254219;;;
00254220;;;
00254233;;;
00254238;;;
00254252;"on attend plus de lui; en retrait sur sa catégorie, tracé dans EA";;
00254324;;;
00254330;;;
00254365;;;
00254541;;;
00254595;;E4;
00254648;;;
00254649;;;
00254669;;;
00254677;;;
00254691;;;
00254712;;;
00254765;;;
00254768;;;
00254769;;;
00254795;;;
00254809;;;
00254821;;;
00254824;;;
00254971;;;
00254994;;;
00255030;;;
00255095;;;
00255230;;;
00255336;;;
00255681;;;
00255743;;;
00255860;;;
00255978;;;
00256175;;;
00256245;;;
00256514;;;
00256663;;;
00256726;;;
00256793;;;
00256870;;;
00256871;;;
00256887;;;
00256925;;;
00256940;;;
00257002;;;
00257060;;;
00257114;;;
00257135;;;
00257138;;;
00257270;;;
00257339;;;
00257387;;;
00257430;;;
00257446;;;
00257489;;;
00257547;;;
00257555;;;
00257557;;;
00257603;;;
00257704;;;
00257739;;;
00257740;;;
00257763;;;
00257860;;;
00257901;;;
00257920;;;
00258043;;;
00258110;;;
00258131;;;
00258133;;;
00258155;;;
00258172;;;
00258176;;;
00258226;;;
00258255;;;
00258275;;;
00258286;;;
00258329;;;
00258343;;;
00258401;;;
00258422;;;
00258529;;;
00258735;;;
00258781;;;
00258909;;;
00259019;;;
00259051;;;
00259149;;;
00259213;;;
00259348;;;
00259423;;;
00259741;;;
00259813;E2;;
00259918;;;
00259932;;;
00259962;;;
00260072;;;
00260126;;;
00260164;;;
00260190;;;
00260210;;;
00260346;;;
00260420;;;
00260454;;;
00260548;;;
00260559;;;
00260572;;;
00260599;;;
00260628;;;
00260638;;;
00260660;;;
00260719;;;
00260797;;;
00260811;;;
00260944;;;
00261012;;;
00261018;;;
00261054;;;
00261106;;;
00261129;;;
00261148;;;
00261156;;;
00261161;;;
00261169;;;
00261334;;;
00261441;;;
00261457;;;
00261479;;;
00261496;;;
00261522;;;
00261529;;;
00261533;2 augmentations;;
00261550;;;
00261559;;;
00261708;;;
00261725;;;
00261728;;;
00261732;;;
00261741;;;
00261754;;;
00261760;;;
00261775;;;
00261795;;;
00261874;;;
00261879;;;
00261895;;;
00261901;;;
00261902;;;
00261905;;;
00261906;;;
00261907;;;
00262002;;;
00262079;;;
00262169;;;
00262217;;;
00262246;;;
00262465;;;
00262546;;;
00262554;;;
00262567;;;
00262594;;;
00262595;;;
00262692;;;
00262738;;;
00262767;;;
00262844;;;
00262849;;;
00262901;;;
00262963;;;
00262965;;;
00263018;;;
00263046;;;
00263048;;;
00263050;;;
00263140;;;
00263164;recruté en 2020;;
00263381;;;
00263649;;;
00600081;;;
00600118;;;
00600198;;;
00600433;;;
00600434;;;
00600442;prop E7;;
00600443;;;
00600485;visible E7;;
00600579;viver E7;;
00600810;;;
00600880;;;
00601018;;;
00601318;;;
00601509;;;
00601580;créatif assez difficile à gérer, très indépendant;;
00601623;;;
00601638;;;
00601674;;;
00602458;;;
00602466;;;
00602747;;;
00602778;;;
00603906;;;
00604554;;;
00604861;;;
00605105;"UCOM : conflit mobilité temporaire; production pas justifiée, mathématicienne venant de la DAM, vue par bedouccha, min l'année prochaine ?";;
00605413;;;
00605990;;;
00606082;;;
00606250;;;
00606476;;;
00607301;;;
00608501;;;
00982754;;;
00983425;a changé d'équipe vers scientifique vivizr E5;;
;;;
;;;
;;;
;;;
;;;
;;;
;;;
;;;
;;;
;;;
;;;
;;;
;;;
;;;
;;;
;;;
;;;
;;;
;;;
;;;
;;;
;;;
;;;
;;;
;;;
;;;
;;;
;;;
;;;
;;;
;;;
;;;
;;;
;;;
;;;
;;;
;;;
;;;
;;;
;;;
;;;
;;;
;;;
;;;
;;;
;;;
;;;
;;;
;;;
;;;
;;;
;;;
;;;
;;;
;;;
;;;
;;;
;;;
;;;
;;;
;;;
;;;
;;;
;;;
;;;
;;;
;;;
;;;
;;;
;;;
;;;
;;;
;;;
;;;
;;;
;;;
;;;
;;;
;;;
;;;
;;;
;;;
;;;
;;;
;;;
;;;
;;;
;;;
;;;
;;;
;;;
;;;
;;;
;;;
;;;
;;;
;;;
;;;
;;;
;;;
;;;
;;;
;;;
;;;
;;;
;;;
;;;
;;;
;;;
;;;
;;;
;;;
;;;
;;;
;;;
;;;
;;;
;;;
;;;
;;;
;;;
;;;
;;;
;;;
;;;
;;;
;;;
;;;
;;;
;;;
;;;
;;;
;;;
;;;
;;;
;;;
;;;
;;;
;;;
;;;
;;;
;;;
;;;
;;;
;;;
;;;
;;;
;;;
;;;
;;;
;;;
;;;
;;;
;;;
;;;
;;;
;;;
;;;
;;;
;;;
;;;
;;;
;;;
;;;
;;;
;;;
;;;
;;;
;;;
;;;
;;;
;;;
;;;
;;;
;;;
;;;
;;;
;;;
;;;
;;;
;;;
;;;
;;;
;;;
;;;
;;;
;;;
;;;
;;;
;;;
;;;
;;;
;;;
;;;
;;;
;;;
;;;
;;;
;;;
;;;
;;;
;;;
;;;
;;;
;;;
;;;
;;;
;;;
;;;
;;;
;;;
;;;
;;;
;;;
;;;
;;;
;;;
;;;
;;;
;;;
;;;
;;;
;;;
;;;
;;;
;;;
;;;
;;;
;;;
;;;
;;;
;;;
;;;
;;;
;;;
;;;
;;;
;;;
;;;
;;;
;;;
;;;
;;;
;;;
;;;
;;;
;;;
;;;
;;;
;;;
;;;
;;;
;;;
;;;
;;;
;;;
;;;
;;;
;;;
;;;
;;;
;;;
;;;
;;;
;;;
;;;
;;;
;;;
;;;
;;;
;;;
;;;
;;;
;;;
;;;
;;;
;;;
;;;
;;;
;;;
;;;
;;;
;;;
;;;
;;;
;;;
;;;
;;;
;;;
;;;
;;;
;;;
;;;
;;;
;;;
;;;
;;;
;;;
;;;
;;;
;;;
;;;
;;;
;;;
;;;
;;;
;;;
;;;
;;;
;;;
;;;
;;;
;;;
;;;
;;;
;;;
;;;
;;;
;;;
;;;
;;;
;;;
;;;
;;;
;;;
;;;
;;;
;;;
;;;
;;;
;;;
;;;
;;;
;;;
;;;
;;;
;;;
;;;
;;;
;;;
;;;
;;;
;;;
;;;
;;;
;;;
;;;
;;;
;;;
;;;
;;;
;;;
;;;
;;;
;;;
;;;
;;;
;;;
;;;
;;;
;;;
;;;
;;;
;;;
;;;
;;;
;;;
;;;
;;;
;;;
;;;
;;;
;;;
;;;
;;;
;;;
;;;
;;;
;;;
;;;
;;;
;;;
;;;
;;;
;;;
;;;
;;;
;;;
;;;
;;;
;;;
;;;
;;;
;;;
;;;
;;;
;;;
;;;
;;;
;;;
;;;
;;;
;;;
;;;
;;;
;;;
;;;
;;;
;;;
;;;
;;;
;;;
;;;
;;;
;;;
;;;
;;;
;;;
;;;
;;;
;;;
;;;
;;;
;;;
;;;
;;;
;;;
;;;
;;;
;;;
;;;
;;;
;;;
;;;
;;;
;;;
;;;
;;;
;;;
;;;
;;;
;;;
;;;
;;;
;;;
;;;
;;;
;;;
;;;
;;;
;;;
;;;
;;;
;;;
;;;
;;;
;;;
;;;
;;;
;;;
;;;
;;;
;;;
;;;
;;;
;;;
;;;
;;;
;;;
;;;
;;;
;;;
;;;
;;;
;;;
;;;
;;;
;;;
;;;
;;;
;;;
;;;
;;;
;;;
;;;
;;;
;;;
;;;
;;;
;;;
;;;
;;;
;;;
;;;
;;;
;;;
;;;
;;;
;;;
;;;
;;;
;;;
;;;
;;;
;;;
;;;
;;;
;;;
;;;
;;;
;;;
;;;
;;;
;;;
;;;
;;;
;;;
;;;
;;;
;;;
;;;
;;;
;;;
;;;
;;;
;;;
;;;
;;;
;;;
;;;
;;;
;;;
;;;
;;;
;;;
;;;
;;;
;;;
;;;
;;;
;;;
;;;
;;;
;;;
;;;
;;;
;;;
;;;
;;;
;;;
;;;
;;;
;;;
;;;
;;;
;;;
;;;
;;;
;;;
;;;
;;;
;;;
;;;
;;;
;;;
;;;
;;;
;;;
;;;
;;;
;;;
;;;
;;;
;;;
;;;
;;;
;;;
;;;
;;;
;;;
;;;
;;;
;;;
;;;
;;;
;;;
;;;
;;;
;;;
;;;
;;;
;;;
;;;
;;;
;;;
;;;
;;;
;;;
;;;
;;;
;;;
;;;
;;;
;;;
;;;
;;;
;;;
;;;
;;;
;;;
;;;
;;;
;;;
;;;
;;;
;;;
;;;
;;;
;;;
;;;
;;;
;;;
;;;
;;;
;;;
;;;
;;;
;;;
;;;
;;;
;;;
;;;
;;;
;;;
;;;
;;;
;;;
;;;
;;;
;;;
;;;
;;;
;;;
;;;
;;;
;;;
;;;
;;;
;;;
;;;
;;;
;;;
;;;
;;;
;;;
;;;
;;;
;;;
;;;
;;;
;;;
;;;
;;;
;;;
;;;
;;;
;;;
;;;
;;;
;;;
;;;
;;;
;;;
;;;
;;;
;;;
;;;
;;;
;;;
;;;
;;;
;;;
;;;
;;;
;;;
;;;
;;;
;;;
;;;
;;;
;;;
;;;
;;;
;;;
;;;
;;;
;;;
;;;
;;;
;;;
;;;
;;;
;;;
;;;
;;;
;;;
;;;
;;;
;;;
;;;
;;;
;;;
;;;
;;;
;;;
;;;
;;;
;;;
;;;
;;;
;;;
;;;
;;;
;;;
;;;
;;;
;;;
;;;
;;;
;;;
;;;
;;;
;;;
;;;
;;;
;;;
;;;
;;;
;;;
;;;
;;;
;;;
;;;
;;;
;;;
;;;
;;;
;;;
;;;
;;;
;;;
;;;
;;;
;;;
;;;
;;;
;;;
;;;
;;;
;;;
;;;
;;;
;;;
;;;
;;;
;;;
;;;
;;;
;;;
;;;
;;;
;;;
;;;
;;;
;;;
;;;
;;;
;;;
;;;
;;;
;;;
;;;
;;;
;;;
;;;
;;;
;;;
;;;
;;;
;;;
;;;
;;;
;;;
;;;
;;;
;;;
;;;
;;;
;;;
;;;
;;;
;;;
;;;
;;;
;;;
;;;
;;;
;;;
;;;
;;;
;;;
;;;
;;;
;;;
;;;
;;;
;;;
;;;
;;;
;;;
;;;
;;;
;;;
;;;
;;;
;;;
;;;
;;;
;;;
;;;
;;;
;;;
;;;
;;;
;;;
;;;
;;;
;;;
;;;
;;;
;;;
;;;
;;;
;;;
;;;
;;;
;;;
;;;
;;;
;;;
;;;
;;;
;;;
;;;
;;;
;;;
;;;
;;;
;;;
;;;
;;;
;;;
;;;
;;;
;;;
;;;
;;;
;;;
;;;
;;;
;;;
;;;
;;;
;;;
;;;
;;;
;;;
;;;
;;;
;;;
;;;
;;;
;;;
;;;
;;;
;;;
;;;
;;;
;;;
;;;
;;;
;;;
;;;
;;;
;;;
;;;
;;;
;;;
;;;
;;;
;;;
;;;
;;;
;;;
;;;
;;;
;;;
;;;
;;;
;;;
;;;
;;;
;;;
;;;
;;;
;;;
;;;
;;;
;;;
;;;
;;;
;;;
;;;
;;;
;;;
;;;
;;;
;;;
;;;
;;;
;;;
;;;
;;;
;;;
;;;
;;;
;;;
;;;
;;;
;;;
;;;
;;;
;;;
;;;
;;;
;;;
;;;
;;;
;;;
;;;
;;;
;;;
;;;
;;;
;;;
;;;
;;;
;;;
;;;
;;;
;;;
;;;
;;;
;;;
;;;
;;;
;;;
;;;
;;;
;;;
;;;
;;;
;;;
;;;
;;;
;;;
;;;
;;;
;;;
;;;
;;;
;;;
;;;
;;;
;;;
;;;
;;;
;;;
;;;
;;;
;;;
;;;
;;;
;;;
;;;
;;;
;;;
;;;
;;;
;;;
;;;
;;;
;;;
;;;
;;;
;;;
;;;
;;;
;;;
;;;
;;;
;;;
;;;
;;;
;;;
;;;
;;;
;;;
;;;
;;;
;;;
;;;
;;;
;;;
;;;
;;;
;;;
;;;
;;;
;;;
;;;
;;;
;;;
;;;
;;;
;;;
;;;
;;;
;;;
;;;
;;;
;;;
;;;
;;;
;;;
;;;
;;;
;;;
;;;
;;;
;;;
;;;
;;;
;;;
;;;
;;;
;;;
;;;
;;;
;;;
;;;
;;;
;;;
;;;
;;;
;;;
;;;
;;;
;;;
;;;
;;;
;;;
;;;
;;;
;;;
;;;
;;;
;;;
;;;
;;;
;;;
;;;
;;;
;;;
;;;
;;;
;;;
;;;
;;;
;;;
;;;
;;;
;;;
;;;
;;;
;;;
;;;
;;;
;;;
;;;
;;;
;;;
;;;
;;;
;;;
;;;
;;;
;;;
;;;
;;;
;;;
;;;
;;;
;;;
;;;
;;;
;;;
;;;
;;;
;;;
;;;
;;;
;;;
;;;
;;;
;;;
;;;
;;;
;;;
;;;
;;;
;;;
;;;
;;;
;;;
;;;
;;;
;;;
;;;
;;;
;;;
;;;
;;;
;;;
;;;
;;;
;;;
;;;
;;;
;;;
;;;
;;;
;;;
;;;
;;;
;;;
;;;
;;;
;;;
;;;
;;;
;;;
;;;
;;;
;;;
;;;
;;;
;;;
;;;
;;;
;;;
;;;
;;;
;;;
;;;
;;;
;;;
;;;
;;;
;;;
;;;
;;;
;;;
;;;
;;;
;;;
;;;
;;;
;;;
;;;
;;;
;;;
;;;
;;;
;;;
;;;
;;;
;;;
;;;
;;;
;;;
;;;
;;;
;;;
;;;
;;;
;;;
;;;
;;;
;;;
;;;
;;;
;;;
;;;
;;;
;;;
;;;
;;;
;;;
;;;
;;;
;;;
;;;
;;;
;;;
;;;
;;;
;;;
;;;
;;;
;;;
;;;
;;;
;;;
;;;
;;;
;;;
;;;
;;;
;;;
;;;
;;;
;;;
;;;
;;;
;;;
;;;
;;;
;;;
;;;
;;;
;;;
;;;
;;;
;;;
;;;
;;;
;;;
;;;
;;;
;;;
;;;
;;;
;;;
;;;
;;;
;;;
;;;
;;;
;;;
;;;
;;;
;;;
;;;
;;;
;;;
;;;
;;;
;;;
;;;
;;;
;;;
;;;
;;;
;;;
;;;
;;;
;;;
;;;
;;;
;;;
;;;
;;;
;;;
;;;
;;;
;;;
;;;
;;;
;;;
